--
-- PostgreSQL database dump
--

-- Dumped from database version 16.3
-- Dumped by pg_dump version 16.3

SET statement_timeout = 0;
SET lock_timeout = 0;
SET idle_in_transaction_session_timeout = 0;
SET client_encoding = 'UTF8';
SET standard_conforming_strings = on;
SELECT pg_catalog.set_config('search_path', '', false);
SET check_function_bodies = false;
SET xmloption = content;
SET client_min_messages = warning;
SET row_security = off;

--
-- Data for Name: branches; Type: TABLE DATA; Schema: public; Owner: postgres
--

COPY public.branches (city, total_money) FROM stdin;
Москва	0
Санкт-Петербург	0
Новосибирск	0
Екатеринбург	0
Казань	0
\.


--
-- Data for Name: employees; Type: TABLE DATA; Schema: public; Owner: postgres
--

COPY public.employees (id, uid, surname, name, patronymic, email, password, branch, total_money) FROM stdin;
1	\N	Иванов	Иван	Иванович	ivan.ivanov@example.com	a8R&jt3Jkbnf1d!	Москва	0
2	\N	Петров	Петр	Петрович	petr.petrov@example.com	C7%DkGn#1ytb8&x	Санкт-Петербург	0
3	\N	Сергеев	Сергей	Сергеевич	sergey.sergeev@example.com	W2@zNc6!uv8nB3q	Новосибирск	0
4	\N	Антонова	Анна	Александровна	anna.antonova@example.com	R5%mK6@z1uCv7#B	Екатеринбург	0
5	\N	Соколова	Мария	Николаевна	maria.sokolova@example.com	F1^vGt8&j2Kq9*d	Казань	0
6	\N	Дмитриев	Дмитрий	Дмитриевич	dmitry.dmitriev@example.com	U3*Fj2@b6nK9%z!	Москва	0
7	\N	Алексеев	Алексей	Алексеевич	alexey.alekseev@example.com	J4*wV9#nt6Zg2d&	Санкт-Петербург	0
8	\N	Светлова	Светлана	Сергеевна	svetlana.svetlova@example.com	R8%nF1@j3Kb5*C!	Новосибирск	0
9	\N	Юрьева	Юлия	Александровна	yuliya.yuryeva@example.com	H9@tD6*Qz3Fb1#y	Екатеринбург	0
10	\N	Николаев	Николай	Николаевич	nikolay.nikolaev@example.com	S2&kT5!wR1*Vj7#A	Казань	0
11	\N	Олегова	Ольга	Станиславовна	olga.olegov@example.com	T8#yE3@f1!gZ9*K	Москва	0
12	\N	Андреев	Андрей	Андреевич	andrey.andreev@example.com	Q1&bG7*c!D6#n9Z	Санкт-Петербург	0
13	\N	Еленина	Елена	Викторовна	elena.elenina@example.com	W4@dN5*Jc%F3z7&v	Новосибирск	0
14	\N	Викторов	Виктор	Викторович	viktor.viktorov@example.com	Y2#nH1@Zk7*mR5#D	Екатеринбург	0
15	\N	Дарьянова	Дарья	Анатольевна	darya.daryanova@example.com	E3$zQ9*t!W8#j1&Z	Казань	0
16	\N	Романов	Роман	Романович	roman.romanov@example.com	M5&vT8!g*H0#b2Z	Москва	0
17	\N	Иркина	Ирина	Игоревна	irina.irkina@example.com	C2@qF7^g1*V9*r	Санкт-Петербург	0
18	\N	Татянова	Татьяна	Федоровна	tatjana.tatyanova@example.com	H1*eX8#c6$W3+n!	Новосибирск	0
19	\N	Анастасьева	Анастасия	Станиславовна	anastasia.anastaseva@example.com	R4*eY3@G7&fT8#1	Екатеринбург	0
20	\N	Максимов	Максим	Матвеевич	maksim.maksimov@example.com	G1@eZ9&b3*C2#vF	Казань	0
21	\N	Кириллов	Кирилл	Антонович	kirill.kirillov@example.com	J3*wQ6#n7!A2^Zf	Москва	0
22	\N	Егоров	Егор	Сергеевич	egor.egorov@example.com	T7*bJ1%zN6@w8#R	Санкт-Петербург	0
23	\N	Станиславов	Станислав	Анатольевич	stanislav.stanislavov@example.com	F4^dG1@Q5*J9&8	Новосибирск	0
24	\N	Артемьев	Артем	Игоревич	artem.artemiev@example.com	Y8&jP2#k3^V4*nF	Екатеринбург	0
25	\N	Людмилова	Людмила	Александровна	lyudmila.lyudmilova@example.com	E5!kH9@z4*D2#J	Казань	0
\.


--
-- Data for Name: transactions; Type: TABLE DATA; Schema: public; Owner: postgres
--

COPY public.transactions (id, employee_id, money, date_time) FROM stdin;
1	1	150000	2024-11-01 10:15:30
2	2	200000	2024-11-02 11:30:45
3	3	125000	2024-11-03 09:45:00
4	4	175000	2024-11-04 14:22:10
5	5	210000	2024-11-05 12:00:00
6	1	30000	2024-11-06 15:30:35
7	2	250000	2024-11-07 08:15:30
8	3	115000	2024-11-08 16:45:20
9	4	190000	2024-11-09 10:10:10
10	5	130000	2024-11-10 14:50:50
11	1	120000	2024-11-11 09:30:15
12	2	175000	2024-11-12 11:45:25
13	3	140000	2024-11-13 13:10:35
14	4	160000	2024-11-14 12:30:20
15	5	220000	2024-11-15 15:55:45
16	1	180000	2024-11-16 10:25:00
17	2	20000	2024-11-17 11:15:35
18	3	155000	2024-11-18 09:00:10
19	4	220000	2024-11-19 14:45:50
20	5	250000	2024-11-20 12:35:40
21	6	15000	2024-11-01 09:15:30
22	7	120000	2024-11-02 11:30:45
23	8	250000	2024-11-03 14:45:00
24	9	85000	2024-11-04 10:22:10
25	10	200000	2024-11-05 16:00:00
26	6	175000	2024-11-06 15:30:35
27	7	90000	2024-11-07 08:15:30
28	8	130000	2024-11-08 16:45:20
29	9	190000	2024-11-09 11:10:10
30	10	220000	2024-11-10 19:50:50
31	6	200000	2024-11-11 13:30:15
32	7	170000	2024-11-12 12:45:25
33	8	145000	2024-11-13 09:10:35
34	9	250000	2024-11-14 14:30:20
35	10	80000	2024-11-15 15:55:45
36	6	70000	2024-11-16 10:25:00
37	7	230000	2024-11-17 11:15:35
38	8	168000	2024-11-18 10:45:10
39	9	99999	2024-11-19 14:45:50
40	10	120000	2024-11-20 12:35:40
41	6	110000	2024-11-21 17:00:15
42	11	150000	2024-11-01 10:15:30
43	12	120000	2024-11-02 11:30:45
44	13	250000	2024-11-03 14:45:00
45	14	85000	2024-11-04 09:22:10
46	15	200000	2024-11-05 16:00:00
47	11	175000	2024-11-06 15:30:35
48	12	90000	2024-11-07 08:15:30
49	13	130000	2024-11-08 16:45:20
50	14	190000	2024-11-09 10:10:10
51	15	220000	2024-11-10 15:50:50
52	11	200000	2024-11-11 13:30:15
53	12	170000	2024-11-12 12:45:25
54	13	145000	2024-11-13 14:10:35
55	14	250000	2024-11-14 10:30:20
56	15	80000	2024-11-15 17:00:15
57	11	70000	2024-11-16 10:25:00
58	12	230000	2024-11-17 11:15:35
59	13	168000	2024-11-18 11:45:10
60	14	99999	2024-11-19 14:45:50
61	15	120000	2024-11-20 12:35:40
62	11	110000	2024-11-21 16:00:00
63	16	150000	2024-11-01 09:15:30
64	17	120000	2024-11-02 11:30:45
65	18	250000	2024-11-03 14:45:00
66	19	85000	2024-11-04 10:22:10
67	20	200000	2024-11-05 16:00:00
68	16	175000	2024-11-06 15:30:35
69	17	90000	2024-11-07 08:15:30
70	18	130000	2024-11-08 16:45:20
71	19	190000	2024-11-09 11:10:10
72	20	220000	2024-11-10 19:50:50
73	16	200000	2024-11-11 13:30:15
74	17	170000	2024-11-12 12:45:25
75	18	145000	2024-11-13 10:10:35
76	19	250000	2024-11-14 14:30:20
77	20	80000	2024-11-15 15:55:45
78	16	70000	2024-11-16 10:25:00
79	17	230000	2024-11-17 11:15:35
80	18	168000	2024-11-18 10:45:10
81	19	99999	2024-11-19 14:45:50
82	20	130000	2024-11-20 12:35:40
83	16	110000	2024-11-21 16:00:15
84	17	140000	2024-11-22 18:05:30
85	21	145000	2024-11-01 09:30:45
86	22	135000	2024-11-02 10:15:20
87	23	250000	2024-11-03 14:10:55
88	24	95000	2024-11-04 11:45:30
89	25	205000	2024-11-05 16:00:00
90	21	187000	2024-11-06 10:35:10
91	22	78000	2024-11-07 09:22:30
92	23	160000	2024-11-08 13:15:25
93	24	115000	2024-11-09 15:45:50
94	25	220000	2024-11-10 12:00:15
95	21	101000	2024-11-11 14:30:00
96	22	123000	2024-11-12 10:15:30
97	23	250000	2024-11-13 17:05:05
98	24	68000	2024-11-14 11:50:15
99	25	145000	2024-11-15 13:40:40
100	21	210000	2024-11-16 08:27:00
101	22	95000	2024-11-17 15:45:30
102	23	175000	2024-11-18 16:55:10
103	24	119000	2024-11-19 09:15:45
104	25	188000	2024-11-20 14:22:00
105	21	135000	2024-11-21 18:30:00
\.


--
-- Name: employees_id_seq; Type: SEQUENCE SET; Schema: public; Owner: postgres
--

SELECT pg_catalog.setval('public.employees_id_seq', 25, true);


--
-- Name: transactions_id_seq; Type: SEQUENCE SET; Schema: public; Owner: postgres
--

SELECT pg_catalog.setval('public.transactions_id_seq', 105, true);


--
-- PostgreSQL database dump complete
--

